,semantic,lexical,hybrid_DBSF,hybrid_RRF
hit_rate,0.9275862068965517,0.7844827586206896,0.9224137931034483,0.9379310344827586
mrr,0.6741290366721396,0.550487137383689,0.7090175150519977,0.6984961685823755
